[{
  "_id": {
    "$oid": "6389cb3203a67e4b5b0986cc"
  },
  "project_id": "2",
  "project_name": "Nazneen",
  "project_status": "1",
  "project_starts_on": "2022-12-02",
  "project_ends_on": "2023-12-02",
  "project_added_on": "Fri Dec 02 2022 15:23:53 GMT+0530 (India Standard Time)",
  "project_updated_on": "Thu Dec 15 2022 22:18:28 GMT+0530 (India Standard Time)",
  "__v": 0,
  "user_id": "-1",
  "project_users": [
    "1",
    "2"
  ]
},{
  "_id": {
    "$oid": "638dce9e888035731fb80baf"
  },
  "project_id": "3",
  "project_name": "Rulate Ho",
  "project_status": "1",
  "project_starts_on": "2022-12-05",
  "project_ends_on": "2023-12-05",
  "project_added_on": "Mon Dec 05 2022 16:27:34 GMT+0530 (India Standard Time)",
  "project_updated_on": "Thu Dec 15 2022 22:14:56 GMT+0530 (India Standard Time)",
  "__v": 0,
  "user_id": "-1",
  "project_users": [
    "2"
  ]
},{
  "_id": {
    "$oid": "638dd25d888035731fb81696"
  },
  "project_id": "4",
  "project_name": "Tera Naam Bolda",
  "project_status": "1",
  "project_starts_on": "2022-12-05",
  "project_ends_on": "2023-12-05",
  "project_added_on": "Mon Dec 05 2022 16:43:33 GMT+0530 (India Standard Time)",
  "project_updated_on": "Thu Dec 15 2022 22:18:33 GMT+0530 (India Standard Time)",
  "__v": 0,
  "user_id": "-1",
  "project_users": [
    "2",
    "1"
  ]
},{
  "_id": {
    "$oid": "6399af5da94f602427205386"
  },
  "project_id": "5",
  "user_id": "-1",
  "project_name": "Regional Round - Pathaan",
  "project_status": "1",
  "project_starts_on": "2022-12-31",
  "project_ends_on": "2023-12-31",
  "project_added_on": "Wed Dec 14 2022 16:41:25 GMT+0530 (India Standard Time)",
  "project_updated_on": "Thu Dec 15 2022 22:15:04 GMT+0530 (India Standard Time)",
  "__v": 0,
  "project_users": [
    "1"
  ]
},{
  "_id": {
    "$oid": "639c42d3c5bb344d41d7d0ae"
  },
  "project_id": "6",
  "user_id": "-1",
  "project_name": "Pathaan",
  "project_users": [
    "3",
    "4",
    "5",
    "6",
    "7",
    "8",
    "9"
  ],
  "project_status": "1",
  "project_starts_on": "2022-12-16",
  "project_ends_on": "2023-12-16",
  "project_added_on": "Fri Dec 16 2022 15:35:07 GMT+0530 (India Standard Time)",
  "project_updated_on": "Fri Dec 16 2022 15:35:07 GMT+0530 (India Standard Time)",
  "__v": 0
}]